{
  "reference": "EPSG:4978",
  "viewSize": [
    1125,
    895
  ],
  "transformation2D": {
    "worldOrigin": [
      -13587390.55531149,
      4166750.4125298033
    ],
    "viewOrigin": [
      562.5,
      447.5
    ],
    "scale": [
      0.03676603325116368,
      0.03676603325116368
    ],
    "rotation": 355.53015930923766
  },
  "transformation3D": {
    "referencePoint": {
      "x": -2684340.1941888016,
      "y": -4286246.842827908,
      "z": 3873267.0640391335
    },
    "distance": 22531.472895445888,
    "yaw": 355.53015930923766,
    "pitch": -51.313090803571214,
    "roll": 0
  }
}